dataset,missingness_type,missing_rate,imputation_method,tda_method,dimension,wasserstein_distance,bottleneck_distance,l2_distance_landscape,l2_distance_image
concrete_data,missing_at_random,5,constant_imputation,vietoris_rips,0,8.547854788510577,0.6008970517167591,0.13316227905353717,547667.1661657827
concrete_data,missing_at_random,5,constant_imputation,vietoris_rips,1,1.9090798929798196,0.040744188175891816,0.0075351404364880385,554438.1335014573
concrete_data,missing_at_random,5,constant_imputation,vietoris_rips,2,0.27047948074241135,0.01598722718838444,0.0017575492462118406,116597.45900991674
concrete_data,missing_at_random,5,mean_imputation,vietoris_rips,0,3.8645887387962365,0.021445708973564126,3.2814792737791427e-19,10858.840715004286
concrete_data,missing_at_random,5,mean_imputation,vietoris_rips,1,1.4414722836774918,0.014273376924090864,0.0016902636095783056,26191.3203217195
concrete_data,missing_at_random,5,mean_imputation,vietoris_rips,2,0.21034928008683668,0.007974973251194645,0.0011883998053279622,12966.12878578044
concrete_data,missing_at_random,5,median_imputation,vietoris_rips,0,3.3961206089663483,0.01949576651519258,3.2814792737791427e-19,9558.748954334877
concrete_data,missing_at_random,5,median_imputation,vietoris_rips,1,1.1953968528918242,0.014273376924090864,0.0017347001001321923,39906.911709637236
concrete_data,missing_at_random,5,median_imputation,vietoris_rips,2,0.22823205182889697,0.008511218999840142,0.001090668811170028,5123.490056897517
concrete_data,missing_at_random,5,k_nearest_neighbors_imputation,vietoris_rips,0,2.897178446361943,0.021772293202242735,3.2814792737791427e-19,7555.657206525314
concrete_data,missing_at_random,5,k_nearest_neighbors_imputation,vietoris_rips,1,1.06656686707952,0.014273376924090864,0.0017580607676118986,45127.104166332
concrete_data,missing_at_random,5,k_nearest_neighbors_imputation,vietoris_rips,2,0.18979702894241357,0.00834698978770021,0.0011425213865095157,31247.160068275123
concrete_data,missing_at_random,5,mice_imputation,vietoris_rips,0,4.51978774981178,0.01060103741787078,0.0,18010.292617830557
concrete_data,missing_at_random,5,mice_imputation,vietoris_rips,1,1.0752075496401259,0.016659431150462423,0.0029128024626327285,63629.00251260534
concrete_data,missing_at_random,5,mice_imputation,vietoris_rips,2,0.21902476284484115,0.010338988743749528,0.0011230049498989565,12327.465822072434
concrete_data,missing_at_random,5,random_forest_imputation,vietoris_rips,0,2.828249723823764,0.019771713591633627,3.2814792737791427e-19,7884.266680594352
concrete_data,missing_at_random,5,random_forest_imputation,vietoris_rips,1,1.05519057194689,0.014273376924090864,0.0016908941253688493,23264.585351628197
concrete_data,missing_at_random,5,random_forest_imputation,vietoris_rips,2,0.18134579718263566,0.00834698978770021,0.0007327336493069772,21176.520727670122
concrete_data,missing_at_random,25,constant_imputation,vietoris_rips,0,7.184047879692104,0.5931918045674498,0.13106912687002226,548031.4986271518
concrete_data,missing_at_random,25,constant_imputation,vietoris_rips,1,3.407031215453892,0.04718124845227284,0.00752214379756865,568481.3439548428
concrete_data,missing_at_random,25,constant_imputation,vietoris_rips,2,0.3720315551298304,0.021812746472358036,0.0019477246022351956,121413.03762677348
concrete_data,missing_at_random,25,mean_imputation,vietoris_rips,0,4.920319350090872,0.05325901639963365,0.004226461271333573,135754.54735504277
concrete_data,missing_at_random,25,mean_imputation,vietoris_rips,1,1.8475120793044695,0.0225855924801541,0.0035844294806092313,165186.72511468726
concrete_data,missing_at_random,25,mean_imputation,vietoris_rips,2,0.27714787224881265,0.011710188632734847,0.0015219557682894969,53226.93833293571
concrete_data,missing_at_random,25,median_imputation,vietoris_rips,0,5.014733361216011,0.05325901639963365,0.004209012815778385,122179.34265714459
concrete_data,missing_at_random,25,median_imputation,vietoris_rips,1,1.7212763043812533,0.0225855924801541,0.0036039510682613885,171826.4936274251
concrete_data,missing_at_random,25,median_imputation,vietoris_rips,2,0.27239047980540027,0.010780282775490257,0.0014730908748433976,53487.394541680995
concrete_data,missing_at_random,25,k_nearest_neighbors_imputation,vietoris_rips,0,3.516670793321431,0.027010805391648865,0.002104386792883629,126834.93879581647
concrete_data,missing_at_random,25,k_nearest_neighbors_imputation,vietoris_rips,1,1.9596353135866742,0.0225855924801541,0.0047059069414063645,209551.5324076231
concrete_data,missing_at_random,25,k_nearest_neighbors_imputation,vietoris_rips,2,0.27027301808752535,0.012066584990841178,0.0014109683958789313,59504.73751989499
concrete_data,missing_at_random,25,mice_imputation,vietoris_rips,0,18.200884678803185,0.026158385103145956,0.00041618661012776805,83122.86964100166
concrete_data,missing_at_random,25,mice_imputation,vietoris_rips,1,2.638087312150098,0.03512706589437098,0.005101781554239377,90857.44284257434
concrete_data,missing_at_random,25,mice_imputation,vietoris_rips,2,0.5623303388281552,0.01590383677446547,0.0020053784415265488,64070.78719959493
concrete_data,missing_at_random,25,random_forest_imputation,vietoris_rips,0,4.034586725853316,0.031009029125780838,0.0033972440469940634,61609.72401665971
concrete_data,missing_at_random,25,random_forest_imputation,vietoris_rips,1,1.9677907889928348,0.016202251617451174,0.0027698644810232225,165411.66051058006
concrete_data,missing_at_random,25,random_forest_imputation,vietoris_rips,2,0.2942103335390899,0.009601159709791793,0.0013478373750570617,51792.56156491624
concrete_data,missing_at_random,10,constant_imputation,vietoris_rips,0,8.8569126342938,0.5970849378638945,0.13212670754229158,547375.6342066724
concrete_data,missing_at_random,10,constant_imputation,vietoris_rips,1,2.4444541167419462,0.040744188175891816,0.0078046393917424175,556538.3725710999
concrete_data,missing_at_random,10,constant_imputation,vietoris_rips,2,0.34770068625045936,0.014780504898907865,0.001635460168395137,116561.9846334324
concrete_data,missing_at_random,10,mean_imputation,vietoris_rips,0,4.018247943675285,0.02538240038223462,0.0003920642506724077,5136.770489491766
concrete_data,missing_at_random,10,mean_imputation,vietoris_rips,1,1.5741297225679287,0.020499138581937693,0.0028216596322086134,51543.68505347329
concrete_data,missing_at_random,10,mean_imputation,vietoris_rips,2,0.26129924008566335,0.011000647532986962,0.0011930539545384486,26345.557842665414
concrete_data,missing_at_random,10,median_imputation,vietoris_rips,0,2.9118896873790288,0.025510037618811113,0.0,4921.241017528484
concrete_data,missing_at_random,10,median_imputation,vietoris_rips,1,1.3615852233345498,0.0225855924801541,0.0032580867989265225,81612.70263890883
concrete_data,missing_at_random,10,median_imputation,vietoris_rips,2,0.2422064054566756,0.008561810990737884,0.0010860695991015733,19803.644319393494
concrete_data,missing_at_random,10,k_nearest_neighbors_imputation,vietoris_rips,0,3.8033851571800716,0.025290745443134394,5.5805000672644197e-05,6349.176937810302
concrete_data,missing_at_random,10,k_nearest_neighbors_imputation,vietoris_rips,1,1.5690228928666559,0.0225855924801541,0.0029515068810720083,86607.86928092863
concrete_data,missing_at_random,10,k_nearest_neighbors_imputation,vietoris_rips,2,0.2744299310969167,0.009323423115261603,0.001278088831944421,48815.38066075907
concrete_data,missing_at_random,10,mice_imputation,vietoris_rips,0,7.029812656176341,0.014810329729962393,0.0,28754.598473999635
concrete_data,missing_at_random,10,mice_imputation,vietoris_rips,1,1.7579889602627352,0.014273376924090864,0.002600213793992565,98098.29054971169
concrete_data,missing_at_random,10,mice_imputation,vietoris_rips,2,0.28855874272672016,0.015648223591264054,0.001665387025622806,11760.287063374026
concrete_data,missing_at_random,10,random_forest_imputation,vietoris_rips,0,2.4899488598131625,0.024160458721249403,3.2814792737791427e-19,5341.275869372668
concrete_data,missing_at_random,10,random_forest_imputation,vietoris_rips,1,1.426045479340629,0.021446307361316308,0.0031906737489613285,91841.4245231501
concrete_data,missing_at_random,10,random_forest_imputation,vietoris_rips,2,0.2032719763146776,0.00834698978770021,0.001126651678020497,40394.42270859369
diabetes,missing_at_random,5,constant_imputation,vietoris_rips,0,1.4567598723958852,0.04492348868889963,0.0008515194120597909,308872.830288351
diabetes,missing_at_random,5,constant_imputation,vietoris_rips,1,0.29713898594581,0.010466915812911454,0.0011775113809495016,174772.40261660152
diabetes,missing_at_random,5,constant_imputation,vietoris_rips,2,0.04141801187227995,0.0021100835599654408,0.00027874795903406454,31472.39251196202
diabetes,missing_at_random,5,mean_imputation,vietoris_rips,0,0.5055229973699997,0.005561021320672085,0.0,120291.92200416033
diabetes,missing_at_random,5,mean_imputation,vietoris_rips,1,0.1954867468342498,0.00407199120663955,0.0007427217015673884,34942.57139435583
diabetes,missing_at_random,5,mean_imputation,vietoris_rips,2,0.04725997635725323,0.0023116071101199516,0.00028057303294196204,12016.291758353666
diabetes,missing_at_random,5,median_imputation,vietoris_rips,0,0.42963225557603596,0.005401719135789088,1.7396862503929576e-19,3833.793853078343
diabetes,missing_at_random,5,median_imputation,vietoris_rips,1,0.1957950522129834,0.00407199120663955,0.0005818787866999261,34762.20258690142
diabetes,missing_at_random,5,median_imputation,vietoris_rips,2,0.04416706741379474,0.002318502233388038,0.0002575561628917106,2964.7138859316724
diabetes,missing_at_random,5,k_nearest_neighbors_imputation,vietoris_rips,0,0.4339115389816776,0.008516371821734973,0.0,51281.74497517014
diabetes,missing_at_random,5,k_nearest_neighbors_imputation,vietoris_rips,1,0.21181642874087936,0.0036441660621478085,0.0005205763940280243,26715.66508397844
diabetes,missing_at_random,5,k_nearest_neighbors_imputation,vietoris_rips,2,0.04722239431465385,0.0023116071101199516,0.00028213635002933624,15519.303397097188
diabetes,missing_at_random,5,mice_imputation,vietoris_rips,0,0.6513931524894585,0.013883529619217579,0.0,63396.58027612713
diabetes,missing_at_random,5,mice_imputation,vietoris_rips,1,0.196259906660279,0.0038395527987337835,0.0006880699956217922,23627.16800187935
diabetes,missing_at_random,5,mice_imputation,vietoris_rips,2,0.0364367636532643,0.002318502233388038,0.0002997656818733523,3853.7459866252398
diabetes,missing_at_random,5,random_forest_imputation,vietoris_rips,0,0.32645552859672733,0.005401719135789088,0.0,22903.74825105027
diabetes,missing_at_random,5,random_forest_imputation,vietoris_rips,1,0.1542251447342325,0.00407199120663955,0.0003108985823364596,18653.86626857991
diabetes,missing_at_random,5,random_forest_imputation,vietoris_rips,2,0.037924956276260184,0.0023116071101199516,0.000231814213059666,15004.862704664916
diabetes,missing_at_random,25,constant_imputation,vietoris_rips,0,2.7783123738899196,0.030188797094920283,7.22915454789071e-05,325554.14300997625
diabetes,missing_at_random,25,constant_imputation,vietoris_rips,1,0.6592203678285875,0.010381765326648862,0.0011241423180528693,258972.70543328443
diabetes,missing_at_random,25,constant_imputation,vietoris_rips,2,0.08826654627095856,0.0029367862004182343,0.0003068224315625746,49331.69290309444
diabetes,missing_at_random,25,mean_imputation,vietoris_rips,0,2.9705422103562245,0.012946650074417886,0.00042169799594016444,63769.6387961786
diabetes,missing_at_random,25,mean_imputation,vietoris_rips,1,0.38670949274217714,0.005311111017688851,0.0008498350351821841,130316.37650148313
diabetes,missing_at_random,25,mean_imputation,vietoris_rips,2,0.05734744075789444,0.0023988149235674126,0.00025171883575693746,41872.773278861314
diabetes,missing_at_random,25,median_imputation,vietoris_rips,0,3.012594328253075,0.012946650074417886,0.00043029505100058464,63878.152100986175
diabetes,missing_at_random,25,median_imputation,vietoris_rips,1,0.3934254085562852,0.004806835067487636,0.0008498239637077167,131819.12026697714
diabetes,missing_at_random,25,median_imputation,vietoris_rips,2,0.059147098443343746,0.0023988149235674126,0.00027198982752821776,54384.325356427056
diabetes,missing_at_random,25,k_nearest_neighbors_imputation,vietoris_rips,0,1.780106231660902,0.012969447721385245,0.0004469868753591982,61043.753242589744
diabetes,missing_at_random,25,k_nearest_neighbors_imputation,vietoris_rips,1,0.3134547721689517,0.00457439665958187,0.0007771607744289221,75688.32919154297
diabetes,missing_at_random,25,k_nearest_neighbors_imputation,vietoris_rips,2,0.0633430016315042,0.002318502233388038,0.00022927082940770642,4602.137697440262
diabetes,missing_at_random,25,mice_imputation,vietoris_rips,0,2.347057985889411,0.012589330147991337,0.00041048654796405635,25652.754527031117
diabetes,missing_at_random,25,mice_imputation,vietoris_rips,1,0.4660326311931854,0.008775828034936026,0.0010225325910264323,67752.16120567807
diabetes,missing_at_random,25,mice_imputation,vietoris_rips,2,0.08354345461280635,0.0022836463631982565,0.00021699566151072558,47561.334572174645
diabetes,missing_at_random,25,random_forest_imputation,vietoris_rips,0,0.7734779083228264,0.008377313208831269,0.0004489530420862023,21330.42033707488
diabetes,missing_at_random,25,random_forest_imputation,vietoris_rips,1,0.31933735066461116,0.005604568079418462,0.000719975639175662,61983.62282299969
diabetes,missing_at_random,25,random_forest_imputation,vietoris_rips,2,0.05219325665623819,0.002318502233388038,0.00025936113195256167,37234.48748562201
diabetes,missing_at_random,10,constant_imputation,vietoris_rips,0,2.0553999017333453,0.03617045830093096,0.0008515194120597909,307350.02903466066
diabetes,missing_at_random,10,constant_imputation,vietoris_rips,1,0.5501271520591267,0.010466915812911454,0.001111338375875169,167044.31347641506
diabetes,missing_at_random,10,constant_imputation,vietoris_rips,2,0.07656222000549298,0.0029893337655984044,0.00024862936073756335,25579.02359245759
diabetes,missing_at_random,10,mean_imputation,vietoris_rips,0,0.33596197837876857,0.005561021320672085,1.5491173365483818e-05,7027.557420594689
diabetes,missing_at_random,10,mean_imputation,vietoris_rips,1,0.22939153386198763,0.00436342391117122,0.0006269998332253194,40908.474528408056
diabetes,missing_at_random,10,mean_imputation,vietoris_rips,2,0.05539358413588126,0.0023116071101199516,0.0003128764448723963,8001.192680462444
diabetes,missing_at_random,10,median_imputation,vietoris_rips,0,0.2941617153039526,0.005401719135789088,1.5411488101958915e-05,20923.97328047413
diabetes,missing_at_random,10,median_imputation,vietoris_rips,1,0.23048537914290232,0.00407199120663955,0.0005006018531195759,13488.07537982387
diabetes,missing_at_random,10,median_imputation,vietoris_rips,2,0.048296766940666064,0.002318502233388038,0.000282889907912295,4751.862240206446
diabetes,missing_at_random,10,k_nearest_neighbors_imputation,vietoris_rips,0,0.35715020052899976,0.005561021320672085,1.3816887491398086e-05,9243.73047624005
diabetes,missing_at_random,10,k_nearest_neighbors_imputation,vietoris_rips,1,0.25450015558287814,0.005588615001739211,0.0005935856405171149,43106.005430687954
diabetes,missing_at_random,10,k_nearest_neighbors_imputation,vietoris_rips,2,0.05093879893048038,0.0023116071101199516,0.00025571053890965944,33446.79762200458
diabetes,missing_at_random,10,mice_imputation,vietoris_rips,0,1.0967842439087025,0.018613100621317942,6.107741148268095e-05,6645.311735393385
diabetes,missing_at_random,10,mice_imputation,vietoris_rips,1,0.2886714557364385,0.005784727078037802,0.0007157879560573784,25577.095166184026
diabetes,missing_at_random,10,mice_imputation,vietoris_rips,2,0.05924163589101653,0.0020677940567209313,0.0002102198458349068,12757.671908616281
diabetes,missing_at_random,10,random_forest_imputation,vietoris_rips,0,0.44034740718779725,0.007386595873362621,1.0249852773555414e-05,80914.83095959543
diabetes,missing_at_random,10,random_forest_imputation,vietoris_rips,1,0.2525194310191798,0.005375294790258649,0.0007478922322124999,19005.961499758436
diabetes,missing_at_random,10,random_forest_imputation,vietoris_rips,2,0.05511015761893212,0.0023116071101199516,0.00029472286738292143,6746.751419359782
stock,missing_at_random,5,constant_imputation,vietoris_rips,0,4.320648821291957,0.32380105995945996,0.05360893694512427,701846.6921974652
stock,missing_at_random,5,constant_imputation,vietoris_rips,1,0.4573056244723481,0.04462586423098325,0.0061157416858513,88696.39738512236
stock,missing_at_random,5,constant_imputation,vietoris_rips,2,0.015108099182495859,0.003058873332047407,0.00010338439839444055,10625.880101538429
stock,missing_at_random,5,mean_imputation,vietoris_rips,0,2.234626800746963,0.06375360510356304,0.004841869922913812,151269.7789200203
stock,missing_at_random,5,mean_imputation,vietoris_rips,1,0.40972010078034216,0.04928197528003708,0.004877374375567845,37897.69919219087
stock,missing_at_random,5,mean_imputation,vietoris_rips,2,0.019047426367775136,0.005645378833763967,0.00028054463701367724,4272.286101773248
stock,missing_at_random,5,median_imputation,vietoris_rips,0,2.2588168013415033,0.06490696127572401,0.00452614440843302,127785.96638954898
stock,missing_at_random,5,median_imputation,vietoris_rips,1,0.36531738053444596,0.03474237828680096,0.0020138396838727058,39890.9507582438
stock,missing_at_random,5,median_imputation,vietoris_rips,2,0.009875073884923678,0.0014862581019768478,0.00013469447693364084,2859.5826452168685
stock,missing_at_random,5,k_nearest_neighbors_imputation,vietoris_rips,0,0.41950809256818666,0.011409255693111103,6.225583040613783e-20,566.068546653405
stock,missing_at_random,5,k_nearest_neighbors_imputation,vietoris_rips,1,0.14495255586272107,0.009714450910180625,0.0006481659298493819,9399.756004518093
stock,missing_at_random,5,k_nearest_neighbors_imputation,vietoris_rips,2,0.010111150787057977,0.0018945164086017902,0.00016250264728179858,4059.67937105495
stock,missing_at_random,5,mice_imputation,vietoris_rips,0,3.284282997271202,0.03679963567539758,6.225583040613783e-20,11306.250532087612
stock,missing_at_random,5,mice_imputation,vietoris_rips,1,0.2705781692716556,0.016137902176880027,0.001807637413079322,43500.04063322472
stock,missing_at_random,5,mice_imputation,vietoris_rips,2,0.01086229357396234,0.0010232298356560865,0.000142236017980904,11264.3976842225
stock,missing_at_random,5,random_forest_imputation,vietoris_rips,0,0.47558498404625155,0.03327912455230363,6.225583040613783e-20,86027.57045733377
stock,missing_at_random,5,random_forest_imputation,vietoris_rips,1,0.15825168794978617,0.011850663914681148,0.0014270925350593077,10750.376251847307
stock,missing_at_random,5,random_forest_imputation,vietoris_rips,2,0.008908929613210465,0.0011215382833082432,0.00011341977988865593,4805.019050386108
stock,missing_at_random,10,constant_imputation,vietoris_rips,0,5.008427353364832,0.32141734235614533,0.053117532148404034,701104.3699910643
stock,missing_at_random,10,constant_imputation,vietoris_rips,1,0.6159417614207904,0.05822311275119646,0.0065513148802482804,87597.8865494088
stock,missing_at_random,10,constant_imputation,vietoris_rips,2,0.01401427324757999,0.0023079920737778536,9.672890054555226e-05,9606.77798801612
stock,missing_at_random,10,mean_imputation,vietoris_rips,0,2.388905008190472,0.06452400838858106,0.00105954355413791,59556.8895685817
stock,missing_at_random,10,mean_imputation,vietoris_rips,1,0.45797882573614246,0.04084266402687689,0.00308533947001553,59503.258221311415
stock,missing_at_random,10,mean_imputation,vietoris_rips,2,0.012143659814347282,0.00206277622187534,0.0001479663327778845,2018.0235257497343
stock,missing_at_random,10,median_imputation,vietoris_rips,0,2.334445663028496,0.06375360510356304,0.004283596398744692,121113.7152011456
stock,missing_at_random,10,median_imputation,vietoris_rips,1,0.40469217869490265,0.02736588234679438,0.002932618298837717,57273.154669056064
stock,missing_at_random,10,median_imputation,vietoris_rips,2,0.009843925459914766,0.0014469833280251268,0.0001437588360576324,5274.216845672188
stock,missing_at_random,10,k_nearest_neighbors_imputation,vietoris_rips,0,0.5971424882176536,0.032968156447057,0.0033982024956688266,89245.70566088965
stock,missing_at_random,10,k_nearest_neighbors_imputation,vietoris_rips,1,0.26820703644424404,0.03134069742674511,0.0035535144770087886,36034.07301076375
stock,missing_at_random,10,k_nearest_neighbors_imputation,vietoris_rips,2,0.01177577444903779,0.001443341021112085,0.0001441147412041302,5237.053070054183
stock,missing_at_random,10,mice_imputation,vietoris_rips,0,5.975614790725622,0.049776203104391695,1.3920826878382253e-19,83299.03897038836
stock,missing_at_random,10,mice_imputation,vietoris_rips,1,0.5346335885511954,0.036705717068932026,0.004396458992611285,123703.3181201625
stock,missing_at_random,10,mice_imputation,vietoris_rips,2,0.04995094523654676,0.007862873116352698,0.000649986538747431,25528.195086610693
stock,missing_at_random,10,random_forest_imputation,vietoris_rips,0,0.7761407258057664,0.05021254162850167,0.002442607907347213,101920.54834181059
stock,missing_at_random,10,random_forest_imputation,vietoris_rips,1,0.2656470989967118,0.024966069684553227,0.002943197067225924,12339.623919827252
stock,missing_at_random,10,random_forest_imputation,vietoris_rips,2,0.01706545954242205,0.0019121465276209365,0.0001203982408725337,3080.8472708077065
stock,missing_at_random,25,constant_imputation,vietoris_rips,0,7.670122588943544,0.3222417834479493,0.05328749116811442,704972.116482717
stock,missing_at_random,25,constant_imputation,vietoris_rips,1,0.8755494818103504,0.05955489274173298,0.005317476482843563,97233.62216765051
stock,missing_at_random,25,constant_imputation,vietoris_rips,2,0.023942757092454456,0.0026300163032182966,8.9340615022445e-05,12925.908722064418
stock,missing_at_random,25,mean_imputation,vietoris_rips,0,2.6054105239891774,0.03869265701545231,0.0008585188159964391,76978.85437689432
stock,missing_at_random,25,mean_imputation,vietoris_rips,1,0.5102016026863658,0.04421438814308207,0.004957096265414346,82351.14162799103
stock,missing_at_random,25,mean_imputation,vietoris_rips,2,0.024151135483151225,0.0030406617974822053,0.0001632803481473483,2845.2143673459245
stock,missing_at_random,25,median_imputation,vietoris_rips,0,2.6515842298685532,0.041745236293492916,0.0012721293106723686,73695.51907284975
stock,missing_at_random,25,median_imputation,vietoris_rips,1,0.504297728450716,0.04421438814308207,0.004783327855533129,79294.26794013364
stock,missing_at_random,25,median_imputation,vietoris_rips,2,0.02683010247023787,0.0037272243455001436,0.00019902181363192354,1669.5992488570776
stock,missing_at_random,25,k_nearest_neighbors_imputation,vietoris_rips,0,1.7772670985663654,0.012248678233113139,0.0006200789948517073,149718.79586622014
stock,missing_at_random,25,k_nearest_neighbors_imputation,vietoris_rips,1,0.4471800454124595,0.04421438814308207,0.0043172924405847175,63901.01856442541
stock,missing_at_random,25,k_nearest_neighbors_imputation,vietoris_rips,2,0.02015896411794862,0.0027420756899763053,0.0001976242071699142,8643.501721952664
stock,missing_at_random,25,mice_imputation,vietoris_rips,0,11.067107895339667,0.040255729647512534,0.0002024186557732764,166723.70229530107
stock,missing_at_random,25,mice_imputation,vietoris_rips,1,1.0429660023758702,0.04421438814308207,0.004736542408286613,276806.7810486298
stock,missing_at_random,25,mice_imputation,vietoris_rips,2,0.11097730432330431,0.004758704744619736,0.00044239057078594474,69725.41941227736
stock,missing_at_random,25,random_forest_imputation,vietoris_rips,0,1.0871089574942077,0.02105289695757849,3.051905919605342e-05,125967.11357155751
stock,missing_at_random,25,random_forest_imputation,vietoris_rips,1,0.44792230570968306,0.04421438814308207,0.00524018680978109,70649.08578682518
stock,missing_at_random,25,random_forest_imputation,vietoris_rips,2,0.020489767190514152,0.00207749618689132,0.00017171488694460443,4344.3900111173725
rmftsa_ladata,missing_at_random,5,constant_imputation,vietoris_rips,0,3.4432825287614186,0.3006434481835377,0.05132222157005679,295784.3266962845
rmftsa_ladata,missing_at_random,5,constant_imputation,vietoris_rips,1,0.9153513147942667,0.05127418544519041,0.005721207210909953,296194.84760772967
rmftsa_ladata,missing_at_random,5,constant_imputation,vietoris_rips,2,0.16314771758414662,0.005462591040594766,0.0020053932412927252,111347.36200962611
rmftsa_ladata,missing_at_random,5,mean_imputation,vietoris_rips,0,0.7358901104030543,0.01639829214357884,0.0014070313077256833,27741.614367677146
rmftsa_ladata,missing_at_random,5,mean_imputation,vietoris_rips,1,0.6778666921652159,0.027464368678663448,0.0036661992703902802,25827.105180625793
rmftsa_ladata,missing_at_random,5,mean_imputation,vietoris_rips,2,0.2274889994019441,0.005462591040594766,0.0012549567659638943,18804.98080446772
rmftsa_ladata,missing_at_random,5,median_imputation,vietoris_rips,0,0.6100213683966731,0.01639829214357884,0.00146495331057785,27528.543551123035
rmftsa_ladata,missing_at_random,5,median_imputation,vietoris_rips,1,0.6608297616427095,0.02183076947728979,0.003571174582606753,28664.394343354827
rmftsa_ladata,missing_at_random,5,median_imputation,vietoris_rips,2,0.21426326083985753,0.005462591040594766,0.0012408572100820348,16095.560748318192
rmftsa_ladata,missing_at_random,5,k_nearest_neighbors_imputation,vietoris_rips,0,1.049189806910513,0.024962372326330085,0.00034019790294255984,17776.83802110812
rmftsa_ladata,missing_at_random,5,k_nearest_neighbors_imputation,vietoris_rips,1,0.6087205105728388,0.02493681334991904,0.0024446860893553757,27882.11949920489
rmftsa_ladata,missing_at_random,5,k_nearest_neighbors_imputation,vietoris_rips,2,0.18224885322183282,0.0061384247712399365,0.0009791059158997736,12836.732145567392
rmftsa_ladata,missing_at_random,5,mice_imputation,vietoris_rips,0,0.5551325460656784,0.00981098884316825,0.0009801375743639432,7741.043396417516
rmftsa_ladata,missing_at_random,5,mice_imputation,vietoris_rips,1,0.5288466833448382,0.014878552940937012,0.0019065671811324205,31740.80373270369
rmftsa_ladata,missing_at_random,5,mice_imputation,vietoris_rips,2,0.17844287976602158,0.0066664076962117125,0.0007284181906337618,20177.362816063804
rmftsa_ladata,missing_at_random,5,random_forest_imputation,vietoris_rips,0,1.0962680511309175,0.01639829214357884,0.0015150383771765923,10910.867641036686
rmftsa_ladata,missing_at_random,5,random_forest_imputation,vietoris_rips,1,0.4739277496580929,0.01495670901441798,0.0017883902210164642,14854.331342874875
rmftsa_ladata,missing_at_random,5,random_forest_imputation,vietoris_rips,2,0.12087940004492698,0.0053899221151298415,0.0005794356886329879,7003.784284671944
rmftsa_ladata,missing_at_random,25,constant_imputation,vietoris_rips,0,6.445784952321692,0.33178700527369087,0.059997014468975256,323373.64933917247
rmftsa_ladata,missing_at_random,25,constant_imputation,vietoris_rips,1,2.2343619360290927,0.10882433221950166,0.013870137990885894,365479.51260173484
rmftsa_ladata,missing_at_random,25,constant_imputation,vietoris_rips,2,0.4579016518822808,0.009784372199096156,0.001981544030314175,144874.64799942728
rmftsa_ladata,missing_at_random,25,mean_imputation,vietoris_rips,0,5.998609615375669,0.03963858469607767,0.0055205080146967555,71015.68897393928
rmftsa_ladata,missing_at_random,25,mean_imputation,vietoris_rips,1,1.3220030306124178,0.0191240309324614,0.0036919723874745567,50335.34742726771
rmftsa_ladata,missing_at_random,25,mean_imputation,vietoris_rips,2,0.34823052458237846,0.011034925041510796,0.0013769530811057321,20195.57319946559
rmftsa_ladata,missing_at_random,25,median_imputation,vietoris_rips,0,6.0575164355322695,0.04062253371640748,0.005657543645369039,71796.60640870173
rmftsa_ladata,missing_at_random,25,median_imputation,vietoris_rips,1,1.2780339866577837,0.0191240309324614,0.0038088732650621657,49091.00971715661
rmftsa_ladata,missing_at_random,25,median_imputation,vietoris_rips,2,0.31735931420174524,0.011213297113975007,0.0013252764945515926,20267.731561603876
rmftsa_ladata,missing_at_random,25,k_nearest_neighbors_imputation,vietoris_rips,0,6.338253268166355,0.031966454340017325,0.004452002228095842,81135.10669082837
rmftsa_ladata,missing_at_random,25,k_nearest_neighbors_imputation,vietoris_rips,1,1.3385458779217994,0.02026492829082749,0.004056595072833648,43729.348627452746
rmftsa_ladata,missing_at_random,25,k_nearest_neighbors_imputation,vietoris_rips,2,0.402441626033922,0.011444759331591753,0.0014276233614559086,22643.51995334796
rmftsa_ladata,missing_at_random,25,mice_imputation,vietoris_rips,0,0.8033398187300209,0.016493739691650293,0.002296676412682775,41247.05489108689
rmftsa_ladata,missing_at_random,25,mice_imputation,vietoris_rips,1,0.9603965748247054,0.013971312659394108,0.0016294642328246775,32530.690767976364
rmftsa_ladata,missing_at_random,25,mice_imputation,vietoris_rips,2,0.407230288547904,0.0106644391693769,0.0016691905483001367,96170.60183526458
rmftsa_ladata,missing_at_random,25,random_forest_imputation,vietoris_rips,0,4.871768681653935,0.03574808541925045,0.004978674026334859,49525.5382751026
rmftsa_ladata,missing_at_random,25,random_forest_imputation,vietoris_rips,1,1.1211598452531835,0.017522229045522808,0.002381131565734456,18977.17720548206
rmftsa_ladata,missing_at_random,25,random_forest_imputation,vietoris_rips,2,0.39530690237512256,0.012148179897697398,0.002068590881433496,16139.784514798399
rmftsa_ladata,missing_at_random,10,constant_imputation,vietoris_rips,0,4.845826538027308,0.30808888775503873,0.05339609020802957,304240.7084660421
rmftsa_ladata,missing_at_random,10,constant_imputation,vietoris_rips,1,1.6426565648857276,0.09993139890613989,0.01255901084507601,346704.20854891546
rmftsa_ladata,missing_at_random,10,constant_imputation,vietoris_rips,2,0.34463811115030163,0.016188343124759863,0.001953692274634674,120022.12718046365
rmftsa_ladata,missing_at_random,10,mean_imputation,vietoris_rips,0,1.1759372894672537,0.01777723033288961,0.002189032615573744,17734.42008540828
rmftsa_ladata,missing_at_random,10,mean_imputation,vietoris_rips,1,0.8634873457110783,0.015369231211787987,0.0019144480223809263,40961.67384302525
rmftsa_ladata,missing_at_random,10,mean_imputation,vietoris_rips,2,0.30549106781115876,0.009184666682882522,0.001121467155194689,27656.60934472499
rmftsa_ladata,missing_at_random,10,median_imputation,vietoris_rips,0,1.2953862550151831,0.01639829214357884,0.002189032615573744,17001.47779614144
rmftsa_ladata,missing_at_random,10,median_imputation,vietoris_rips,1,0.8314774940647026,0.016945871741736965,0.0018617760497643087,24780.07049621024
rmftsa_ladata,missing_at_random,10,median_imputation,vietoris_rips,2,0.3074733385983336,0.009160602755496142,0.001131744710593679,29988.54134703814
rmftsa_ladata,missing_at_random,10,k_nearest_neighbors_imputation,vietoris_rips,0,2.0250429278265023,0.01639829214357884,0.0003543987504046145,6019.933114049942
rmftsa_ladata,missing_at_random,10,k_nearest_neighbors_imputation,vietoris_rips,1,0.8681879985812625,0.013622345950349307,0.001906724196558439,11890.586986032247
rmftsa_ladata,missing_at_random,10,k_nearest_neighbors_imputation,vietoris_rips,2,0.2701232472171917,0.007710333630073646,0.0009285040273918789,5922.35322295577
rmftsa_ladata,missing_at_random,10,mice_imputation,vietoris_rips,0,0.7369280601179491,0.01717380309889119,0.002189032615573744,18962.74914472735
rmftsa_ladata,missing_at_random,10,mice_imputation,vietoris_rips,1,0.7354942432642533,0.016945871741736965,0.0014099055625698023,31229.284777068395
rmftsa_ladata,missing_at_random,10,mice_imputation,vietoris_rips,2,0.2532794925488626,0.0052947638351874965,0.0007140268412074995,3665.4016992723423
rmftsa_ladata,missing_at_random,10,random_forest_imputation,vietoris_rips,0,1.8052143414767177,0.015717784396634488,0.002189032615573744,14648.490589738662
rmftsa_ladata,missing_at_random,10,random_forest_imputation,vietoris_rips,1,0.7887378827238543,0.016945871741736965,0.0015369902998698813,21263.990195429105
rmftsa_ladata,missing_at_random,10,random_forest_imputation,vietoris_rips,2,0.24628379606754083,0.005995989542086716,0.0007393547909934709,12846.254621127402
treasury,missing_at_random,10,constant_imputation,vietoris_rips,0,0.42442175158679385,0.12008589766799871,0.011399862812372513,1260650.3239393565
treasury,missing_at_random,10,constant_imputation,vietoris_rips,1,0.01749164028527203,0.010668224505863619,0.00033942883914383804,40226.68747165714
treasury,missing_at_random,10,constant_imputation,vietoris_rips,2,0.00010189959689516775,7.205389596474866e-05,8.136022038319218e-06,591.6750868556687
treasury,missing_at_random,10,mean_imputation,vietoris_rips,0,0.32406966994816605,0.08391594266755177,0.007315704043877568,630932.1904556466
treasury,missing_at_random,10,mean_imputation,vietoris_rips,1,0.0026840515584427484,0.0009247186675694248,3.1795926140657616e-05,59406.6203631235
treasury,missing_at_random,10,mean_imputation,vietoris_rips,2,0.00010189959689516775,7.205389596474866e-05,8.136022038319218e-06,1134.5479867965526
treasury,missing_at_random,10,median_imputation,vietoris_rips,0,0.31216100609214864,0.07642371784125739,0.006469713615648735,552950.3442719887
treasury,missing_at_random,10,median_imputation,vietoris_rips,1,0.0028873952642985267,0.0010954809400289516,3.66641264521879e-05,61111.46094082215
treasury,missing_at_random,10,median_imputation,vietoris_rips,2,0.00010189959689516775,7.205389596474866e-05,8.136022038319218e-06,1183.1747557818283
treasury,missing_at_random,10,k_nearest_neighbors_imputation,vietoris_rips,0,0.03449685527284739,0.0007864992164167903,4.4404087192026376e-05,1984.0414749580557
treasury,missing_at_random,10,k_nearest_neighbors_imputation,vietoris_rips,1,0.0006962174589591683,0.00027170865517169495,1.88446750232184e-06,40.932402512707384
treasury,missing_at_random,10,k_nearest_neighbors_imputation,vietoris_rips,2,0.00010189959689516775,7.205389596474866e-05,8.136022038319218e-06,1555.3883759491164
treasury,missing_at_random,10,mice_imputation,vietoris_rips,0,0.36933247302199723,0.0022096785449999216,4.2624070259159436e-05,51766.5600806329
treasury,missing_at_random,10,mice_imputation,vietoris_rips,1,0.01809665185625059,0.0010836056060537624,4.7348316068499364e-05,69061.00987937521
treasury,missing_at_random,10,mice_imputation,vietoris_rips,2,0.0001637951655893428,5.1695038639330056e-05,1.8887873659076964e-06,4775.167813861073
treasury,missing_at_random,10,random_forest_imputation,vietoris_rips,0,0.05946544239613763,0.0006212809760852978,3.507621375457221e-05,1453.3882083231588
treasury,missing_at_random,10,random_forest_imputation,vietoris_rips,1,0.0022842319077993087,0.0003430171989481801,1.4616264460527901e-05,65.80424103244864
treasury,missing_at_random,10,random_forest_imputation,vietoris_rips,2,0.0,0.0,0.0,0.0
treasury,missing_at_random,5,constant_imputation,vietoris_rips,0,0.3330287133427525,0.10330393070882024,0.009504913882851471,1140921.412300941
treasury,missing_at_random,5,constant_imputation,vietoris_rips,1,0.014529509287073486,0.008899892718806826,0.0002767815217259616,41887.850051762536
treasury,missing_at_random,5,constant_imputation,vietoris_rips,2,0.00010189959689516775,7.205389596474866e-05,8.136022038319218e-06,685.7903952667033
treasury,missing_at_random,5,mean_imputation,vietoris_rips,0,0.3142109130234573,0.0957883412457899,0.008656285218384945,735292.8561132554
treasury,missing_at_random,5,mean_imputation,vietoris_rips,1,0.0013673307574105734,0.0002716942277424688,4.2029113960676155e-06,38.28046191556753
treasury,missing_at_random,5,mean_imputation,vietoris_rips,2,0.00010189959689516775,7.205389596474866e-05,8.136022038319218e-06,1079.7367543250439
treasury,missing_at_random,5,median_imputation,vietoris_rips,0,0.30435745329207997,0.09805820478663295,0.008912588636055955,755489.3894718366
treasury,missing_at_random,5,median_imputation,vietoris_rips,1,0.0010371940923157349,0.0002716942277424688,4.103157641921398e-06,40.93174073594819
treasury,missing_at_random,5,median_imputation,vietoris_rips,2,0.00010189959689516775,7.205389596474866e-05,8.136022038319218e-06,1067.9141434886635
treasury,missing_at_random,5,k_nearest_neighbors_imputation,vietoris_rips,0,0.017819634377824318,0.0007860001053516669,4.4375908433813215e-05,2002.0041828600408
treasury,missing_at_random,5,k_nearest_neighbors_imputation,vietoris_rips,1,0.0006883551712880084,0.0002716942277424688,1.889049946568641e-06,40.93239520649492
treasury,missing_at_random,5,k_nearest_neighbors_imputation,vietoris_rips,2,0.00010199720266534278,7.212291366672234e-05,8.143815226137496e-06,1555.3876685625858
treasury,missing_at_random,5,mice_imputation,vietoris_rips,0,0.1482378520114669,0.0022096200554219767,3.5023906934639124e-05,1959.2048098910802
treasury,missing_at_random,5,mice_imputation,vietoris_rips,1,0.005389733063193571,0.0004879797185766959,2.1976333751306466e-05,20649.37136128803
treasury,missing_at_random,5,mice_imputation,vietoris_rips,2,0.0,0.0,0.0,0.0
treasury,missing_at_random,5,random_forest_imputation,vietoris_rips,0,0.009127574349466193,0.0006365568941221339,3.5938659873128016e-05,1618.6483037802614
treasury,missing_at_random,5,random_forest_imputation,vietoris_rips,1,0.0009205775250393484,0.0002716942277424688,2.1042969898189423e-06,8.033842741760237
treasury,missing_at_random,5,random_forest_imputation,vietoris_rips,2,0.0,0.0,0.0,0.0
treasury,missing_at_random,25,constant_imputation,vietoris_rips,0,0.7540124489081138,0.2067480617158328,0.0211853888709019,1509017.7926057582
treasury,missing_at_random,25,constant_imputation,vietoris_rips,1,0.026339573498280953,0.014106900100117392,0.0003972963000437436,26392.2629143883
treasury,missing_at_random,25,constant_imputation,vietoris_rips,2,7.774988900726169e-05,5.4977473753536074e-05,6.2078244636309485e-06,346.05115872134576
treasury,missing_at_random,25,mean_imputation,vietoris_rips,0,0.35380405131594644,0.04694745363513034,0.0031413781803837507,414450.993090426
treasury,missing_at_random,25,mean_imputation,vietoris_rips,1,0.016034040169760608,0.003827227319561737,0.0001536824428518417,55091.49343558484
treasury,missing_at_random,25,mean_imputation,vietoris_rips,2,7.774988900726169e-05,5.4977473753536074e-05,6.2078244636309485e-06,1235.3683478813434
treasury,missing_at_random,25,median_imputation,vietoris_rips,0,0.35304511928680354,0.028944533113456832,0.0016069222180883295,215011.4294631076
treasury,missing_at_random,25,median_imputation,vietoris_rips,1,0.021183962475048224,0.007920639928484671,0.0004071524231593365,56221.93011237866
treasury,missing_at_random,25,median_imputation,vietoris_rips,2,7.774988900726169e-05,5.4977473753536074e-05,6.2078244636309485e-06,1391.1454101211887
treasury,missing_at_random,25,k_nearest_neighbors_imputation,vietoris_rips,0,0.10556016522262371,0.0007864898580843202,4.4403558840309906e-05,1722.6642712632497
treasury,missing_at_random,25,k_nearest_neighbors_imputation,vietoris_rips,1,0.0016713139369022483,0.0002719090794587823,3.6341102418763757e-06,17.784108583393948
treasury,missing_at_random,25,k_nearest_neighbors_imputation,vietoris_rips,2,7.774988900726169e-05,5.4977473753536074e-05,6.2078244636309485e-06,1555.324113004123
treasury,missing_at_random,25,mice_imputation,vietoris_rips,0,0.6556320445582453,0.0026815147501336074,3.0014956545041655e-05,3200.2730112355116
treasury,missing_at_random,25,mice_imputation,vietoris_rips,1,0.025693405026686843,0.0006977007291130303,4.926764802509192e-05,108079.00946810366
treasury,missing_at_random,25,mice_imputation,vietoris_rips,2,0.0002809546250560838,7.210536679333902e-05,1.3509837032508108e-06,6362.035183714582
treasury,missing_at_random,25,random_forest_imputation,vietoris_rips,0,0.07903003814057574,0.0007857380720424773,4.4361114585751374e-05,1832.600502597031
treasury,missing_at_random,25,random_forest_imputation,vietoris_rips,1,0.0014048163804440844,0.00017832497488766029,4.488136536916393e-06,73.91909796949034
treasury,missing_at_random,25,random_forest_imputation,vietoris_rips,2,0.0,0.0,0.0,0.0
weather_izmir,missing_at_random,5,constant_imputation,vietoris_rips,0,6.574576900878174,0.2381119213362454,0.03526413484711522,800409.3917107191
weather_izmir,missing_at_random,5,constant_imputation,vietoris_rips,1,1.7155763638470638,0.02598043153802826,0.0035491367488298706,573630.0431850298
weather_izmir,missing_at_random,5,constant_imputation,vietoris_rips,2,0.3944630419201685,0.008765134994239254,0.0012172785243693045,311827.90917504585
weather_izmir,missing_at_random,5,mean_imputation,vietoris_rips,0,1.1480961245410353,0.03593440825244046,0.00042453049417825236,63451.22459678544
weather_izmir,missing_at_random,5,mean_imputation,vietoris_rips,1,0.7261878754572734,0.02598043153802826,0.002022533160037634,56500.85102183091
weather_izmir,missing_at_random,5,mean_imputation,vietoris_rips,2,0.2075190696376124,0.0061068991222385585,0.0009234084303600716,18491.241873890725
weather_izmir,missing_at_random,5,median_imputation,vietoris_rips,0,1.2130188244952027,0.03593440825244046,0.0,58889.80016435402
weather_izmir,missing_at_random,5,median_imputation,vietoris_rips,1,0.7154460305504657,0.02598043153802826,0.0020788661837253457,54979.31474995652
weather_izmir,missing_at_random,5,median_imputation,vietoris_rips,2,0.19329297568100418,0.005764494987625317,0.0007851656473528842,18491.61077721218
weather_izmir,missing_at_random,5,k_nearest_neighbors_imputation,vietoris_rips,0,1.8682450949368508,0.03593440825244046,0.0,57114.99249917028
weather_izmir,missing_at_random,5,k_nearest_neighbors_imputation,vietoris_rips,1,0.7016588312003963,0.02598043153802826,0.0027388808063545642,66307.26028544024
weather_izmir,missing_at_random,5,k_nearest_neighbors_imputation,vietoris_rips,2,0.19823901803549365,0.00489697933864594,0.0006701730781425386,13851.680513844927
weather_izmir,missing_at_random,5,mice_imputation,vietoris_rips,0,1.3431848065579501,0.017027297742572556,0.0,16770.401022658745
weather_izmir,missing_at_random,5,mice_imputation,vietoris_rips,1,0.6159583079452426,0.0220349198764761,0.002269398984557406,47094.62152814831
weather_izmir,missing_at_random,5,mice_imputation,vietoris_rips,2,0.17033872773104186,0.0032730581555956567,0.0003786424206639907,9573.704253046346
weather_izmir,missing_at_random,5,random_forest_imputation,vietoris_rips,0,1.7607516481381325,0.03593440825244046,0.0,29761.48685302981
weather_izmir,missing_at_random,5,random_forest_imputation,vietoris_rips,1,0.6507024588184201,0.02598043153802826,0.0026878967758163365,31797.149848037334
weather_izmir,missing_at_random,5,random_forest_imputation,vietoris_rips,2,0.17287327530984292,0.003507740242769279,0.000622314136921817,17869.134316376316
weather_izmir,missing_at_random,25,constant_imputation,vietoris_rips,0,12.02154999262792,0.24253817835280878,0.03643237229809471,793477.9012905672
weather_izmir,missing_at_random,25,constant_imputation,vietoris_rips,1,3.4652099603815376,0.02598043153802826,0.00391887122778139,604213.9484805664
weather_izmir,missing_at_random,25,constant_imputation,vietoris_rips,2,0.6563965909524494,0.008605535597639505,0.000893622104184959,300808.8449016848
weather_izmir,missing_at_random,25,mean_imputation,vietoris_rips,0,12.982284128438888,0.09560355319645716,0.012616489606553458,356238.54082372674
weather_izmir,missing_at_random,25,mean_imputation,vietoris_rips,1,2.0490553076059594,0.027909157095448472,0.0033122337041927817,232330.6917784027
weather_izmir,missing_at_random,25,mean_imputation,vietoris_rips,2,0.4013291899675421,0.007153446876633225,0.001342250286298482,239045.09658421294
weather_izmir,missing_at_random,25,median_imputation,vietoris_rips,0,13.128673386779255,0.0956103877463512,0.012617391539847991,352286.2893828185
weather_izmir,missing_at_random,25,median_imputation,vietoris_rips,1,2.036442017933216,0.02792170657523968,0.0034607206861925334,239105.3153778155
weather_izmir,missing_at_random,25,median_imputation,vietoris_rips,2,0.40609924914173284,0.007153446876633225,0.001520503850307014,244303.33492816973
weather_izmir,missing_at_random,25,k_nearest_neighbors_imputation,vietoris_rips,0,10.455640710767522,0.0956854120219687,0.012627292249203661,342429.9657222828
weather_izmir,missing_at_random,25,k_nearest_neighbors_imputation,vietoris_rips,1,1.6729844550829287,0.027913236406567565,0.003712839309954767,248857.01751795653
weather_izmir,missing_at_random,25,k_nearest_neighbors_imputation,vietoris_rips,2,0.3749656575094313,0.007153446876633225,0.001406890801570794,199491.876651035
weather_izmir,missing_at_random,25,mice_imputation,vietoris_rips,0,7.004828944161252,0.03936883772497879,0.005048015295475804,197696.5885969496
weather_izmir,missing_at_random,25,mice_imputation,vietoris_rips,1,1.911308875770371,0.025349559745173555,0.003905075691241404,93931.38893833227
weather_izmir,missing_at_random,25,mice_imputation,vietoris_rips,2,0.5256928605062169,0.007153446876633225,0.0009490728382976418,177024.3068271443
weather_izmir,missing_at_random,25,random_forest_imputation,vietoris_rips,0,9.521902565829514,0.05002539059117678,0.005695659932382852,154155.20798022987
weather_izmir,missing_at_random,25,random_forest_imputation,vietoris_rips,1,1.6541750275127802,0.02598043153802826,0.0026440709282844637,164440.58295090488
weather_izmir,missing_at_random,25,random_forest_imputation,vietoris_rips,2,0.34381792153327706,0.007153446876633225,0.000870591681177589,242025.905598123
weather_izmir,missing_at_random,10,constant_imputation,vietoris_rips,0,7.989060300511214,0.23397051511854225,0.034171079060897766,728686.9900639934
weather_izmir,missing_at_random,10,constant_imputation,vietoris_rips,1,2.756442398211394,0.02598043153802826,0.003744385954166362,469375.46897954756
weather_izmir,missing_at_random,10,constant_imputation,vietoris_rips,2,0.6525761133675384,0.006554430706646477,0.000715615067542125,172533.51976392313
weather_izmir,missing_at_random,10,mean_imputation,vietoris_rips,0,2.4471752728013674,0.03582735310908594,0.0006431349704343803,107570.77378021827
weather_izmir,missing_at_random,10,mean_imputation,vietoris_rips,1,1.0940946852298263,0.02598043153802826,0.002899684710338205,63249.402725854736
weather_izmir,missing_at_random,10,mean_imputation,vietoris_rips,2,0.34815620264135466,0.004474449355559823,0.0009881704209586985,190962.44976242248
weather_izmir,missing_at_random,10,median_imputation,vietoris_rips,0,2.6621254549126423,0.03582735310908594,0.0001114979703223053,111741.64054513835
weather_izmir,missing_at_random,10,median_imputation,vietoris_rips,1,1.006556255516578,0.02598043153802826,0.003172045732419068,61845.19145349251
weather_izmir,missing_at_random,10,median_imputation,vietoris_rips,2,0.3305545133188314,0.004663227022861052,0.0010410801532077098,181645.59678754624
weather_izmir,missing_at_random,10,k_nearest_neighbors_imputation,vietoris_rips,0,2.108625486074452,0.035063928044425846,0.0013708743674286893,48401.41709713389
weather_izmir,missing_at_random,10,k_nearest_neighbors_imputation,vietoris_rips,1,0.8539601386964251,0.02598043153802826,0.003124810272512341,27179.45239675126
weather_izmir,missing_at_random,10,k_nearest_neighbors_imputation,vietoris_rips,2,0.2419277464508724,0.003555338696376073,0.0007831043776330567,7195.132608843652
weather_izmir,missing_at_random,10,mice_imputation,vietoris_rips,0,3.7117289885992446,0.03593440825244046,0.00032957053719960316,27953.78441128108
weather_izmir,missing_at_random,10,mice_imputation,vietoris_rips,1,0.902240110812724,0.02598043153802826,0.0030816865759274972,85104.4155692879
weather_izmir,missing_at_random,10,mice_imputation,vietoris_rips,2,0.2874493643316315,0.004430764704029103,0.0007284774150011525,45654.295612452996
weather_izmir,missing_at_random,10,random_forest_imputation,vietoris_rips,0,3.625586268208038,0.05247192579341822,0.0055661541314961736,199659.76956330054
weather_izmir,missing_at_random,10,random_forest_imputation,vietoris_rips,1,1.046204808023803,0.02598043153802826,0.0026767016596785185,53700.89419317639
weather_izmir,missing_at_random,10,random_forest_imputation,vietoris_rips,2,0.2864740155630234,0.0037802946933158457,0.0008608599983557824,40664.47590330509
hungarian-chickenpox,missing_at_random,5,constant_imputation,vietoris_rips,0,0.2693209966578522,0.004328396044171401,0.0,3268.1238225781685
hungarian-chickenpox,missing_at_random,5,constant_imputation,vietoris_rips,1,0.18102323235453988,0.004547787202868081,0.0007637141659414109,3275.6732108169413
hungarian-chickenpox,missing_at_random,5,constant_imputation,vietoris_rips,2,0.058673615303514996,0.0033656537875292603,0.000979186644691128,4509.6590741149175
hungarian-chickenpox,missing_at_random,5,mean_imputation,vietoris_rips,0,3.1860212589572696,0.026348944526722214,0.0,8539.26250035749
hungarian-chickenpox,missing_at_random,5,mean_imputation,vietoris_rips,1,0.4471970989947588,0.005678343785738865,0.0024957426459696957,76151.75446536818
hungarian-chickenpox,missing_at_random,5,mean_imputation,vietoris_rips,2,0.0982036848504883,0.0035936892802338055,0.0010537695928910036,54304.129313400765
hungarian-chickenpox,missing_at_random,5,median_imputation,vietoris_rips,0,2.0248768354359594,0.019631886947840092,0.0,5287.884326544256
hungarian-chickenpox,missing_at_random,5,median_imputation,vietoris_rips,1,0.3331603584656001,0.006611128340838535,0.0019263944107046258,50940.016677433545
hungarian-chickenpox,missing_at_random,5,median_imputation,vietoris_rips,2,0.07528372220173718,0.0033656537875292603,0.0009201640095916814,45939.154423311695
hungarian-chickenpox,missing_at_random,5,k_nearest_neighbors_imputation,vietoris_rips,0,0.34714782043692016,0.0033056838684909426,0.0,1934.0802708353656
hungarian-chickenpox,missing_at_random,5,k_nearest_neighbors_imputation,vietoris_rips,1,0.18729050428827468,0.004439760285746608,0.0005609487453877946,2221.2831441215035
hungarian-chickenpox,missing_at_random,5,k_nearest_neighbors_imputation,vietoris_rips,2,0.04963626654797863,0.0034134761299867353,0.0009440408445912462,3357.5755255094805
hungarian-chickenpox,missing_at_random,5,mice_imputation,vietoris_rips,0,0.5245482585982362,0.007178888293284686,0.0,3539.2738209009226
hungarian-chickenpox,missing_at_random,5,mice_imputation,vietoris_rips,1,0.20606673893262126,0.004439760285746608,0.0006643305264043823,16985.425081197354
hungarian-chickenpox,missing_at_random,5,mice_imputation,vietoris_rips,2,0.05087776239566927,0.0033656537875292603,0.0008095328824045725,6035.285672344282
hungarian-chickenpox,missing_at_random,5,random_forest_imputation,vietoris_rips,0,0.301747204275026,0.0033914611658340177,0.0,1995.146529439071
hungarian-chickenpox,missing_at_random,5,random_forest_imputation,vietoris_rips,1,0.1758104745150416,0.004439760285746608,0.0005596832025362151,1397.7133939366029
hungarian-chickenpox,missing_at_random,5,random_forest_imputation,vietoris_rips,2,0.04642682504258763,0.0033656537875292603,0.0007296990242609341,3720.28299572364
hungarian-chickenpox,missing_at_random,10,constant_imputation,vietoris_rips,0,0.7949635883651683,0.005923568395587634,0.0,5820.659837619647
hungarian-chickenpox,missing_at_random,10,constant_imputation,vietoris_rips,1,0.36576856914225847,0.005044100442948257,0.0010393159326825393,18702.64028531057
hungarian-chickenpox,missing_at_random,10,constant_imputation,vietoris_rips,2,0.11043706464969819,0.0034134761299867353,0.0008447234149545944,6744.329071293275
hungarian-chickenpox,missing_at_random,10,mean_imputation,vietoris_rips,0,2.4530145822342746,0.02596546034818353,0.0,10514.256038843147
hungarian-chickenpox,missing_at_random,10,mean_imputation,vietoris_rips,1,0.6195624957050693,0.0058519036194079055,0.0010782300959902688,74713.73957969448
hungarian-chickenpox,missing_at_random,10,mean_imputation,vietoris_rips,2,0.17003057275031883,0.0034989761070449293,0.0008896839893345941,53060.53532593697
hungarian-chickenpox,missing_at_random,10,median_imputation,vietoris_rips,0,1.3913960802295526,0.017758650050277037,0.0,7487.923035434754
hungarian-chickenpox,missing_at_random,10,median_imputation,vietoris_rips,1,0.4542150209750342,0.004838238721738997,0.0009799905863872517,40138.926834630205
hungarian-chickenpox,missing_at_random,10,median_imputation,vietoris_rips,2,0.12396262596826496,0.003292801511668164,0.0009766963897888507,42980.698873101224
hungarian-chickenpox,missing_at_random,10,k_nearest_neighbors_imputation,vietoris_rips,0,0.8989286868713038,0.008448716545372222,0.0,3793.6463185216917
hungarian-chickenpox,missing_at_random,10,k_nearest_neighbors_imputation,vietoris_rips,1,0.33974759102554053,0.005044100442948257,0.0008393243958969739,455.2340410595608
hungarian-chickenpox,missing_at_random,10,k_nearest_neighbors_imputation,vietoris_rips,2,0.11601237629472082,0.0034839391849320334,0.000934716645250209,10127.722717482959
hungarian-chickenpox,missing_at_random,10,mice_imputation,vietoris_rips,0,1.1315642240581403,0.011276041884534144,0.0,2960.0519524700617
hungarian-chickenpox,missing_at_random,10,mice_imputation,vietoris_rips,1,0.41051842767594915,0.005044100442948257,0.0013761123625240965,15094.623716397571
hungarian-chickenpox,missing_at_random,10,mice_imputation,vietoris_rips,2,0.12611210500710499,0.003449560950643582,0.0005932579652240773,19720.692449046448
hungarian-chickenpox,missing_at_random,10,random_forest_imputation,vietoris_rips,0,0.6755942139812126,0.004870301213135836,0.0,2614.710113054054
hungarian-chickenpox,missing_at_random,10,random_forest_imputation,vietoris_rips,1,0.346110335190569,0.0052818279240701566,0.000707063114500211,4031.7144425654983
hungarian-chickenpox,missing_at_random,10,random_forest_imputation,vietoris_rips,2,0.11209470635403915,0.0035350040414895145,0.0008170188093861317,6498.97626742508
hungarian-chickenpox,missing_at_random,25,constant_imputation,vietoris_rips,0,4.152903963701391,0.02248412844798106,0.0,39857.475526046255
hungarian-chickenpox,missing_at_random,25,constant_imputation,vietoris_rips,1,0.9090290758171428,0.013839742294433272,0.004669580167686526,89854.7017159346
hungarian-chickenpox,missing_at_random,25,constant_imputation,vietoris_rips,2,0.2462250903895874,0.0058763362475825545,0.0010354731412020803,44761.286659807934
hungarian-chickenpox,missing_at_random,25,mean_imputation,vietoris_rips,0,2.97936620882708,0.021839925277523625,0.0,2830.4271448581535
hungarian-chickenpox,missing_at_random,25,mean_imputation,vietoris_rips,1,0.8909440928787438,0.009333946597263887,0.0017785699812039595,22751.460485133317
hungarian-chickenpox,missing_at_random,25,mean_imputation,vietoris_rips,2,0.29589822197467913,0.006051436749500885,0.0009771243136868747,30312.333742111936
hungarian-chickenpox,missing_at_random,25,median_imputation,vietoris_rips,0,3.487903111340943,0.021839925277523625,0.0,5304.505999600701
hungarian-chickenpox,missing_at_random,25,median_imputation,vietoris_rips,1,0.7796824676551758,0.008863241633745508,0.001512912300858035,13704.427557856647
hungarian-chickenpox,missing_at_random,25,median_imputation,vietoris_rips,2,0.2651229958584448,0.006679209285644555,0.0010377653318942024,19895.349973203694
hungarian-chickenpox,missing_at_random,25,k_nearest_neighbors_imputation,vietoris_rips,0,4.017671697270229,0.02255460809473826,0.0,7539.195304910029
hungarian-chickenpox,missing_at_random,25,k_nearest_neighbors_imputation,vietoris_rips,1,0.7851473992921016,0.015281115660171596,0.0023304138092351528,13845.814592160525
hungarian-chickenpox,missing_at_random,25,k_nearest_neighbors_imputation,vietoris_rips,2,0.25080145242706875,0.006132409532165095,0.0011032511302654596,14306.425434229823
hungarian-chickenpox,missing_at_random,25,mice_imputation,vietoris_rips,0,5.520453977988276,0.029649489674037112,0.0,39381.97703882975
hungarian-chickenpox,missing_at_random,25,mice_imputation,vietoris_rips,1,0.9857552358655791,0.014659045966809059,0.0039325908730529,164750.47055019907
hungarian-chickenpox,missing_at_random,25,mice_imputation,vietoris_rips,2,0.32209232345984595,0.00490201764674128,0.001110091181629313,82337.84780953768
hungarian-chickenpox,missing_at_random,25,random_forest_imputation,vietoris_rips,0,2.7228935102979515,0.021722038083606815,0.0,57925.87414633687
hungarian-chickenpox,missing_at_random,25,random_forest_imputation,vietoris_rips,1,0.7665983343536099,0.007318107816806807,0.003140474262773115,89521.62521122741
hungarian-chickenpox,missing_at_random,25,random_forest_imputation,vietoris_rips,2,0.25094805241767826,0.006051436749500885,0.0009863167729863252,5280.20779560719
cnn-stock-pred-dji,missing_at_random,10,constant_imputation,vietoris_rips,0,0.7949635883651683,0.005923568395587634,0.0,5820.659837619647
cnn-stock-pred-dji,missing_at_random,10,constant_imputation,vietoris_rips,1,0.36576856914225847,0.005044100442948257,0.0010393159326825393,18702.64028531057
cnn-stock-pred-dji,missing_at_random,10,constant_imputation,vietoris_rips,2,0.11043706464969819,0.0034134761299867353,0.0008447234149545944,6744.329071293275
cnn-stock-pred-dji,missing_at_random,10,mean_imputation,vietoris_rips,0,2.4530145822342746,0.02596546034818353,0.0,10514.256038843147
cnn-stock-pred-dji,missing_at_random,10,mean_imputation,vietoris_rips,1,0.6195624957050693,0.0058519036194079055,0.0010782300959902688,74713.73957969448
cnn-stock-pred-dji,missing_at_random,10,mean_imputation,vietoris_rips,2,0.17003057275031883,0.0034989761070449293,0.0008896839893345941,53060.53532593697
cnn-stock-pred-dji,missing_at_random,10,median_imputation,vietoris_rips,0,1.3913960802295526,0.017758650050277037,0.0,7487.923035434754
cnn-stock-pred-dji,missing_at_random,10,median_imputation,vietoris_rips,1,0.4542150209750342,0.004838238721738997,0.0009799905863872517,40138.926834630205
cnn-stock-pred-dji,missing_at_random,10,median_imputation,vietoris_rips,2,0.12396262596826496,0.003292801511668164,0.0009766963897888507,42980.698873101224
cnn-stock-pred-dji,missing_at_random,10,k_nearest_neighbors_imputation,vietoris_rips,0,0.8989286868713038,0.008448716545372222,0.0,3793.6463185216917
cnn-stock-pred-dji,missing_at_random,10,k_nearest_neighbors_imputation,vietoris_rips,1,0.33974759102554053,0.005044100442948257,0.0008393243958969739,455.2340410595608
cnn-stock-pred-dji,missing_at_random,10,k_nearest_neighbors_imputation,vietoris_rips,2,0.11601237629472082,0.0034839391849320334,0.000934716645250209,10127.722717482959
cnn-stock-pred-dji,missing_at_random,10,mice_imputation,vietoris_rips,0,1.1315642240581403,0.011276041884534144,0.0,2960.0519524700617
cnn-stock-pred-dji,missing_at_random,10,mice_imputation,vietoris_rips,1,0.41051842767594915,0.005044100442948257,0.0013761123625240965,15094.623716397571
cnn-stock-pred-dji,missing_at_random,10,mice_imputation,vietoris_rips,2,0.12611210500710499,0.003449560950643582,0.0005932579652240773,19720.692449046448
cnn-stock-pred-dji,missing_at_random,10,random_forest_imputation,vietoris_rips,0,0.6755942139812126,0.004870301213135836,0.0,2614.710113054054
cnn-stock-pred-dji,missing_at_random,10,random_forest_imputation,vietoris_rips,1,0.346110335190569,0.0052818279240701566,0.000707063114500211,4031.7144425654983
cnn-stock-pred-dji,missing_at_random,10,random_forest_imputation,vietoris_rips,2,0.11209470635403915,0.0035350040414895145,0.0008170188093861317,6498.97626742508
cnn-stock-pred-dji,missing_at_random,5,constant_imputation,vietoris_rips,0,0.2693209966578522,0.004328396044171401,0.0,3268.1238225781685
cnn-stock-pred-dji,missing_at_random,5,constant_imputation,vietoris_rips,1,0.18102323235453988,0.004547787202868081,0.0007637141659414109,3275.6732108169413
cnn-stock-pred-dji,missing_at_random,5,constant_imputation,vietoris_rips,2,0.058673615303514996,0.0033656537875292603,0.000979186644691128,4509.6590741149175
cnn-stock-pred-dji,missing_at_random,5,mean_imputation,vietoris_rips,0,3.1860212589572696,0.026348944526722214,0.0,8539.26250035749
cnn-stock-pred-dji,missing_at_random,5,mean_imputation,vietoris_rips,1,0.4471970989947588,0.005678343785738865,0.0024957426459696957,76151.75446536818
cnn-stock-pred-dji,missing_at_random,5,mean_imputation,vietoris_rips,2,0.0982036848504883,0.0035936892802338055,0.0010537695928910036,54304.129313400765
cnn-stock-pred-dji,missing_at_random,5,median_imputation,vietoris_rips,0,2.0248768354359594,0.019631886947840092,0.0,5287.884326544256
cnn-stock-pred-dji,missing_at_random,5,median_imputation,vietoris_rips,1,0.3331603584656001,0.006611128340838535,0.0019263944107046258,50940.016677433545
cnn-stock-pred-dji,missing_at_random,5,median_imputation,vietoris_rips,2,0.07528372220173718,0.0033656537875292603,0.0009201640095916814,45939.154423311695
cnn-stock-pred-dji,missing_at_random,5,k_nearest_neighbors_imputation,vietoris_rips,0,0.34714782043692016,0.0033056838684909426,0.0,1934.0802708353656
cnn-stock-pred-dji,missing_at_random,5,k_nearest_neighbors_imputation,vietoris_rips,1,0.18729050428827468,0.004439760285746608,0.0005609487453877946,2221.2831441215035
cnn-stock-pred-dji,missing_at_random,5,k_nearest_neighbors_imputation,vietoris_rips,2,0.04963626654797863,0.0034134761299867353,0.0009440408445912462,3357.5755255094805
cnn-stock-pred-dji,missing_at_random,5,mice_imputation,vietoris_rips,0,0.5245482585982362,0.007178888293284686,0.0,3539.2738209009226
cnn-stock-pred-dji,missing_at_random,5,mice_imputation,vietoris_rips,1,0.20606673893262126,0.004439760285746608,0.0006643305264043823,16985.425081197354
cnn-stock-pred-dji,missing_at_random,5,mice_imputation,vietoris_rips,2,0.05087776239566927,0.0033656537875292603,0.0008095328824045725,6035.285672344282
cnn-stock-pred-dji,missing_at_random,5,random_forest_imputation,vietoris_rips,0,0.301747204275026,0.0033914611658340177,0.0,1995.146529439071
cnn-stock-pred-dji,missing_at_random,5,random_forest_imputation,vietoris_rips,1,0.1758104745150416,0.004439760285746608,0.0005596832025362151,1397.7133939366029
cnn-stock-pred-dji,missing_at_random,5,random_forest_imputation,vietoris_rips,2,0.04642682504258763,0.0033656537875292603,0.0007296990242609341,3720.28299572364
cnn-stock-pred-dji,missing_at_random,25,constant_imputation,vietoris_rips,0,4.152903963701391,0.02248412844798106,0.0,39857.475526046255
cnn-stock-pred-dji,missing_at_random,25,constant_imputation,vietoris_rips,1,0.9090290758171428,0.013839742294433272,0.004669580167686526,89854.7017159346
cnn-stock-pred-dji,missing_at_random,25,constant_imputation,vietoris_rips,2,0.2462250903895874,0.0058763362475825545,0.0010354731412020803,44761.286659807934
cnn-stock-pred-dji,missing_at_random,25,mean_imputation,vietoris_rips,0,2.97936620882708,0.021839925277523625,0.0,2830.4271448581535
cnn-stock-pred-dji,missing_at_random,25,mean_imputation,vietoris_rips,1,0.8909440928787438,0.009333946597263887,0.0017785699812039595,22751.460485133317
cnn-stock-pred-dji,missing_at_random,25,mean_imputation,vietoris_rips,2,0.29589822197467913,0.006051436749500885,0.0009771243136868747,30312.333742111936
cnn-stock-pred-dji,missing_at_random,25,median_imputation,vietoris_rips,0,3.487903111340943,0.021839925277523625,0.0,5304.505999600701
cnn-stock-pred-dji,missing_at_random,25,median_imputation,vietoris_rips,1,0.7796824676551758,0.008863241633745508,0.001512912300858035,13704.427557856647
cnn-stock-pred-dji,missing_at_random,25,median_imputation,vietoris_rips,2,0.2651229958584448,0.006679209285644555,0.0010377653318942024,19895.349973203694
cnn-stock-pred-dji,missing_at_random,25,k_nearest_neighbors_imputation,vietoris_rips,0,4.017671697270229,0.02255460809473826,0.0,7539.195304910029
cnn-stock-pred-dji,missing_at_random,25,k_nearest_neighbors_imputation,vietoris_rips,1,0.7851473992921016,0.015281115660171596,0.0023304138092351528,13845.814592160525
cnn-stock-pred-dji,missing_at_random,25,k_nearest_neighbors_imputation,vietoris_rips,2,0.25080145242706875,0.006132409532165095,0.0011032511302654596,14306.425434229823
cnn-stock-pred-dji,missing_at_random,25,mice_imputation,vietoris_rips,0,5.520453977988276,0.029649489674037112,0.0,39381.97703882975
cnn-stock-pred-dji,missing_at_random,25,mice_imputation,vietoris_rips,1,0.9857552358655791,0.014659045966809059,0.0039325908730529,164750.47055019907
cnn-stock-pred-dji,missing_at_random,25,mice_imputation,vietoris_rips,2,0.32209232345984595,0.00490201764674128,0.001110091181629313,82337.84780953768
cnn-stock-pred-dji,missing_at_random,25,random_forest_imputation,vietoris_rips,0,2.7228935102979515,0.021722038083606815,0.0,57925.87414633687
cnn-stock-pred-dji,missing_at_random,25,random_forest_imputation,vietoris_rips,1,0.7665983343536099,0.007318107816806807,0.003140474262773115,89521.62521122741
cnn-stock-pred-dji,missing_at_random,25,random_forest_imputation,vietoris_rips,2,0.25094805241767826,0.006051436749500885,0.0009863167729863252,5280.20779560719
torus,missing_at_random,10,constant_imputation,vietoris_rips,0,2.2298051424336296,0.02353521894504372,0.0014443924725188455,26264.734195949466
torus,missing_at_random,10,constant_imputation,vietoris_rips,1,1.5462079011798178,0.035979491347499226,0.00074863261657014,49090.72659427029
torus,missing_at_random,10,constant_imputation,vietoris_rips,2,0.6575299515557156,0.042552176487057475,0.007869093900902405,48634.31854990175
torus,missing_at_random,10,mean_imputation,vietoris_rips,0,3.468993903457454,0.041856127091509904,0.0032340840662781656,72073.37839493327
torus,missing_at_random,10,mean_imputation,vietoris_rips,1,2.46493705541498,0.053066547728477305,0.00074863261657014,56360.80611561672
torus,missing_at_random,10,mean_imputation,vietoris_rips,2,0.6344987652142651,0.05822266186288211,0.00814483326674964,54098.51996758949
torus,missing_at_random,10,median_imputation,vietoris_rips,0,3.3967963541946458,0.041438852239172985,0.0029317478531573717,64170.34984437665
torus,missing_at_random,10,median_imputation,vietoris_rips,1,2.4244533390000407,0.05295732463462647,0.00074863261657014,61301.2863963529
torus,missing_at_random,10,median_imputation,vietoris_rips,2,0.636020887245405,0.06133338089282844,0.00823928724293935,56927.94051609106
torus,missing_at_random,10,k_nearest_neighbors_imputation,vietoris_rips,0,0.4395586041761149,0.0026957696590671626,0.00021361558121479516,9433.912888215857
torus,missing_at_random,10,k_nearest_neighbors_imputation,vietoris_rips,1,0.6695150322145651,0.034893829397211196,0.0005801421150354321,3683.765857879935
torus,missing_at_random,10,k_nearest_neighbors_imputation,vietoris_rips,2,0.692177340249489,0.011509185376555042,0.004361058041998224,35953.291662979995
torus,missing_at_random,10,mice_imputation,vietoris_rips,0,1.217924967448525,0.002672326023345939,0.00014522134676704822,9662.692102519435
torus,missing_at_random,10,mice_imputation,vietoris_rips,1,0.5491618131354453,0.02278518657822115,0.00017678489138611572,8446.340822720515
torus,missing_at_random,10,mice_imputation,vietoris_rips,2,0.6609048774092867,0.008612688903457622,0.000841809813656963,14470.875139138025
torus,missing_at_random,10,random_forest_imputation,vietoris_rips,0,0.9458362839981681,0.004807744092696575,0.0003809706238213099,10618.081170668816
torus,missing_at_random,10,random_forest_imputation,vietoris_rips,1,0.6913782257058003,0.027896674325934068,0.00019379825572881097,5994.842521954838
torus,missing_at_random,10,random_forest_imputation,vietoris_rips,2,0.6412334190857244,0.006164076183935552,0.004044884418121036,33100.09085783653
torus,missing_at_random,5,constant_imputation,vietoris_rips,0,3.8364692489584495,0.05102064081933906,0.003571700003790402,82241.7014270462
torus,missing_at_random,5,constant_imputation,vietoris_rips,1,2.176251289336307,0.048522219069619975,0.0001922687132892513,44262.35387000648
torus,missing_at_random,5,constant_imputation,vietoris_rips,2,0.6073182490711339,0.05856681324271509,0.007588587483865757,35753.3562542099
torus,missing_at_random,5,mean_imputation,vietoris_rips,0,4.2845542686105205,0.06575162174828897,0.004926465832731099,127395.19324447207
torus,missing_at_random,5,mean_imputation,vietoris_rips,1,2.386941567620552,0.05713154894430533,0.0001922687132892513,46379.43109694439
torus,missing_at_random,5,mean_imputation,vietoris_rips,2,0.5219611896963227,0.06279153727045983,0.0072927960670644935,37249.32988448316
torus,missing_at_random,5,median_imputation,vietoris_rips,0,4.257656423917954,0.06526987938220744,0.004812236700099929,123852.46928461848
torus,missing_at_random,5,median_imputation,vietoris_rips,1,2.388228135812835,0.05613872240015966,0.0001922687132892513,48132.96680464146
torus,missing_at_random,5,median_imputation,vietoris_rips,2,0.5244521180571166,0.06279153727045983,0.0073590476620425125,36495.72014388933
torus,missing_at_random,5,k_nearest_neighbors_imputation,vietoris_rips,0,0.8257272414774646,0.002941619757536637,5.220296718546189e-06,3155.861562717388
torus,missing_at_random,5,k_nearest_neighbors_imputation,vietoris_rips,1,0.45374334679566747,0.02376063660814104,0.00017491404047446525,3680.2267852624027
torus,missing_at_random,5,k_nearest_neighbors_imputation,vietoris_rips,2,0.5988075553100085,0.007641094800057369,0.00362564427970166,25882.67908585526
torus,missing_at_random,5,mice_imputation,vietoris_rips,0,0.7574561164064988,0.0023042241720894058,6.868127595535027e-05,4269.1901780432245
torus,missing_at_random,5,mice_imputation,vietoris_rips,1,0.3185702784991109,0.013650357521820256,0.0,4529.52671008998
torus,missing_at_random,5,mice_imputation,vietoris_rips,2,0.5333334485094746,0.008350376582617558,0.0008859924395495669,23699.575874481638
torus,missing_at_random,5,random_forest_imputation,vietoris_rips,0,0.3514881811271698,0.002100515971574915,0.00013552139129402154,3942.045452065619
torus,missing_at_random,5,random_forest_imputation,vietoris_rips,1,0.40999356480595756,0.015681874272194474,0.0,6576.72191540681
torus,missing_at_random,5,random_forest_imputation,vietoris_rips,2,0.5782513319796863,0.00727657061258194,0.0004713776215628685,10358.069472722815
torus,missing_at_random,25,constant_imputation,vietoris_rips,0,2.1718610721454596,0.004515170699041275,1.0883164979681188e-05,91211.26476743135
torus,missing_at_random,25,constant_imputation,vietoris_rips,1,1.2207849437288119,0.05601409050716266,0.003187775145856971,40598.512214923976
torus,missing_at_random,25,constant_imputation,vietoris_rips,2,0.724130396785098,0.035015489841678904,0.0032827861230058644,34693.638372083544
torus,missing_at_random,25,mean_imputation,vietoris_rips,0,1.5040285236601079,0.024628095850623657,0.0019515558355104928,100376.9761340429
torus,missing_at_random,25,mean_imputation,vietoris_rips,1,1.305378547497459,0.06921511333398528,0.007846131565471887,94543.65380546951
torus,missing_at_random,25,mean_imputation,vietoris_rips,2,0.686948236093476,0.048190355971079624,0.008664175397632352,68157.8382723489
torus,missing_at_random,25,median_imputation,vietoris_rips,0,1.0932952982006023,0.022355196112528883,0.0017714489050229371,89465.92545533762
torus,missing_at_random,25,median_imputation,vietoris_rips,1,1.2052603752042292,0.07059406421068484,0.007786011041647016,90322.85995415928
torus,missing_at_random,25,median_imputation,vietoris_rips,2,0.6853642478239803,0.041940535111856775,0.008614377299195014,56975.31987133395
torus,missing_at_random,25,k_nearest_neighbors_imputation,vietoris_rips,0,1.4320921894904262,0.00836832949823027,0.0006631151009318623,107066.95427736953
torus,missing_at_random,25,k_nearest_neighbors_imputation,vietoris_rips,1,1.24462871824288,0.05148224391971942,0.004261398743069396,50165.34515997908
torus,missing_at_random,25,k_nearest_neighbors_imputation,vietoris_rips,2,0.7597406902630035,0.037726603703185035,0.004587415528612849,41492.90785677205
torus,missing_at_random,25,mice_imputation,vietoris_rips,0,4.505806442886424,0.007718204634739604,0.0005014371014757468,72745.26783984013
torus,missing_at_random,25,mice_imputation,vietoris_rips,1,0.982132409807416,0.04052554921051743,0.0020897216946070365,46907.906402318775
torus,missing_at_random,25,mice_imputation,vietoris_rips,2,0.7684972709171556,0.02880180338664523,0.005484793944829669,30851.181839714907
torus,missing_at_random,25,random_forest_imputation,vietoris_rips,0,2.0788808867401425,0.006521951879551083,0.0005168062251606932,77371.28847013331
torus,missing_at_random,25,random_forest_imputation,vietoris_rips,1,1.1546136628814048,0.04402535905256952,0.0027866318712447603,38519.89986178097
torus,missing_at_random,25,random_forest_imputation,vietoris_rips,2,0.7579035461007513,0.03348884107854916,0.0013235103392009672,16683.064215099337
on_and_on,missing_at_random,5,constant_imputation,vietoris_rips,0,3.2004286742612087,0.025992305367690732,0.001335129522641374,111386.48755561592
on_and_on,missing_at_random,5,constant_imputation,vietoris_rips,1,1.0980744896044992,0.020628703356082148,0.005535259495512882,215950.52775539595
on_and_on,missing_at_random,5,constant_imputation,vietoris_rips,2,0.2106395452461432,0.009616386378826253,0.0017177771382682282,62124.679976481726
on_and_on,missing_at_random,5,mean_imputation,vietoris_rips,0,3.592857270009474,0.02163002835018704,0.0028517030124036473,138507.9470417665
on_and_on,missing_at_random,5,mean_imputation,vietoris_rips,1,1.118665206945995,0.021487178948899857,0.0038631269583178627,55513.77428516615
on_and_on,missing_at_random,5,mean_imputation,vietoris_rips,2,0.24695621823341216,0.0082324656753784,0.0019215589608688314,81826.53031265608
on_and_on,missing_at_random,5,median_imputation,vietoris_rips,0,3.4928300372066854,0.024470258666774714,0.00322615898715336,145386.4378443417
on_and_on,missing_at_random,5,median_imputation,vietoris_rips,1,1.1082335029722994,0.020873380555980023,0.00399244849879447,55778.22690014896
on_and_on,missing_at_random,5,median_imputation,vietoris_rips,2,0.23747772407955609,0.00792274708284045,0.0018503425351858564,78674.22600557086
on_and_on,missing_at_random,5,k_nearest_neighbors_imputation,vietoris_rips,0,0.6304934343068848,0.03441448832721203,0.00011420322310861716,49465.969223147724
on_and_on,missing_at_random,5,k_nearest_neighbors_imputation,vietoris_rips,1,0.5298149598351238,0.018960487445509974,0.004166271058391873,55324.8847010256
on_and_on,missing_at_random,5,k_nearest_neighbors_imputation,vietoris_rips,2,0.14521620443509636,0.0053917227413219915,0.0013276539139418513,40676.17168062692
on_and_on,missing_at_random,5,mice_imputation,vietoris_rips,0,2.201276191891374,0.03972904993431173,0.005237877774108689,215117.6229845386
on_and_on,missing_at_random,5,mice_imputation,vietoris_rips,1,0.5359551397114917,0.018512026494023615,0.00414725010040136,146865.53529661402
on_and_on,missing_at_random,5,mice_imputation,vietoris_rips,2,0.1641016613884017,0.008466011753098052,0.0018615049762588458,77378.89046635099
on_and_on,missing_at_random,5,random_forest_imputation,vietoris_rips,0,0.6007728876924853,0.0466290153204274,0.006147569540912264,228332.1373325218
on_and_on,missing_at_random,5,random_forest_imputation,vietoris_rips,1,0.5490323983031123,0.018512032596612535,0.004997937070229591,67438.16223287133
on_and_on,missing_at_random,5,random_forest_imputation,vietoris_rips,2,0.13990110610149373,0.004691743587765723,0.002614252389246798,101197.0389763001
on_and_on,missing_at_random,10,constant_imputation,vietoris_rips,0,6.730263776062405,0.038013502344126454,0.0015553953767137244,112667.92849757857
on_and_on,missing_at_random,10,constant_imputation,vietoris_rips,1,2.752834359586637,0.04316898166342903,0.00650155685109934,135367.12534023155
on_and_on,missing_at_random,10,constant_imputation,vietoris_rips,2,0.6455809646536765,0.013098181867890163,0.002294907897955995,33769.45967673104
on_and_on,missing_at_random,10,mean_imputation,vietoris_rips,0,2.599173494250094,0.0466290153204274,0.006147569540912264,278286.23902047443
on_and_on,missing_at_random,10,mean_imputation,vietoris_rips,1,1.3870670949364008,0.018512032596612535,0.005166921142713308,149763.89433138166
on_and_on,missing_at_random,10,mean_imputation,vietoris_rips,2,0.3708630359778886,0.006586609650585301,0.0024488357031454094,132599.39847055057
on_and_on,missing_at_random,10,median_imputation,vietoris_rips,0,2.457294906832745,0.0466290153204274,0.006147569540912264,276840.4811325918
on_and_on,missing_at_random,10,median_imputation,vietoris_rips,1,1.3474361589801858,0.018512032596612535,0.005303867129921822,150065.5936191269
on_and_on,missing_at_random,10,median_imputation,vietoris_rips,2,0.357230054904361,0.006774654825365878,0.002552842966821506,124398.94054982404
on_and_on,missing_at_random,10,k_nearest_neighbors_imputation,vietoris_rips,0,1.9368773527038665,0.048993963807253876,0.006147569540912264,266771.3200289433
on_and_on,missing_at_random,10,k_nearest_neighbors_imputation,vietoris_rips,1,1.0187332547236623,0.018512032596612535,0.0037364345206022435,129754.75708474814
on_and_on,missing_at_random,10,k_nearest_neighbors_imputation,vietoris_rips,2,0.3181120840586861,0.0072669018523066065,0.0020693956933388095,89193.7438542557
on_and_on,missing_at_random,10,mice_imputation,vietoris_rips,0,4.368093414014048,0.04055951464401644,0.005347366237898686,208533.86831156572
on_and_on,missing_at_random,10,mice_imputation,vietoris_rips,1,0.9599268904162629,0.018648449869184902,0.004007052871294781,195929.4307437734
on_and_on,missing_at_random,10,mice_imputation,vietoris_rips,2,0.3594186179256289,0.00925677301933156,0.00171138982600121,114051.71902498568
on_and_on,missing_at_random,10,random_forest_imputation,vietoris_rips,0,1.6210798126654618,0.04059036933356311,0.005351434433145233,257926.71399111304
on_and_on,missing_at_random,10,random_forest_imputation,vietoris_rips,1,0.9280080865800276,0.018512032596612535,0.00485871598008137,168899.81442928768
on_and_on,missing_at_random,10,random_forest_imputation,vietoris_rips,2,0.2792165592248195,0.008463039792297164,0.002341652584219569,89791.11411730331
on_and_on,missing_at_random,25,constant_imputation,vietoris_rips,0,8.123064043851564,0.031131869135106932,0.0006854140434648029,155091.74384169333
on_and_on,missing_at_random,25,constant_imputation,vietoris_rips,1,5.705298295241694,0.03831883927782451,0.0049526454863896155,357648.9811543474
on_and_on,missing_at_random,25,constant_imputation,vietoris_rips,2,1.4779634540580466,0.02077759432039375,0.0037956489527663714,228068.47692108873
on_and_on,missing_at_random,25,mean_imputation,vietoris_rips,0,8.658714984016571,0.060168865958343226,0.007932663495784777,272311.9722405887
on_and_on,missing_at_random,25,mean_imputation,vietoris_rips,1,2.087448514803558,0.027508176248626295,0.004029268305204989,82923.72042814188
on_and_on,missing_at_random,25,mean_imputation,vietoris_rips,2,0.699530981296376,0.010077620048908609,0.0012328878581233536,61534.511434454704
on_and_on,missing_at_random,25,median_imputation,vietoris_rips,0,8.81946866861244,0.060168865958343226,0.007932663495784777,272589.45148624014
on_and_on,missing_at_random,25,median_imputation,vietoris_rips,1,2.1279957453050624,0.027508176248626295,0.004048013935736041,80704.72413769779
on_and_on,missing_at_random,25,median_imputation,vietoris_rips,2,0.7303433506806918,0.01006924729691927,0.0012897728405905392,57882.28596538757
on_and_on,missing_at_random,25,k_nearest_neighbors_imputation,vietoris_rips,0,8.830819984757245,0.05966222902674448,0.00786586848097276,260061.26426076918
on_and_on,missing_at_random,25,k_nearest_neighbors_imputation,vietoris_rips,1,2.4749259516193383,0.024272370016076655,0.004337479620970027,80049.92263033692
on_and_on,missing_at_random,25,k_nearest_neighbors_imputation,vietoris_rips,2,0.737575103227691,0.010460960274099013,0.0011447025931629316,45998.61621983451
on_and_on,missing_at_random,25,mice_imputation,vietoris_rips,0,12.536110954498366,0.0395752036678024,0.005217594682987426,203653.61792914095
on_and_on,missing_at_random,25,mice_imputation,vietoris_rips,1,2.125518159130781,0.018512026494023615,0.003035414131456777,288722.93747343443
on_and_on,missing_at_random,25,mice_imputation,vietoris_rips,2,0.6288879374102663,0.0064025799793097915,0.0012072370472825625,147003.49943124613
on_and_on,missing_at_random,25,random_forest_imputation,vietoris_rips,0,5.286754619874276,0.06445371332771244,0.008497577787763241,323823.6794366812
on_and_on,missing_at_random,25,random_forest_imputation,vietoris_rips,1,1.6615927778247803,0.017314802293206463,0.0057909370040801055,100671.05961284012
on_and_on,missing_at_random,25,random_forest_imputation,vietoris_rips,2,0.6280824184004615,0.008766735129577485,0.0015888767329228922,72355.82685668557
